EmpNumber,EmpDepartment,Recommendations
E1001248,Sales,"['Improve work environment (e.g., better facilities, team-building).', 'Increase job involvement (e.g., assign challenging tasks, training).', 'Enhance work-life balance (e.g., flexible hours, wellness programs).', 'Address attrition risk (e.g., retention bonuses, career development).']"
E1001293,Research & Development,"['Improve work environment (e.g., better facilities, team-building).', 'Boost job satisfaction (e.g., recognition, incentives).', 'Enhance work-life balance (e.g., flexible hours, wellness programs).']"
E1001297,Research & Development,"['Improve work environment (e.g., better facilities, team-building).', 'Increase job involvement (e.g., assign challenging tasks, training).', 'Boost job satisfaction (e.g., recognition, incentives).', 'Enhance work-life balance (e.g., flexible hours, wellness programs).', 'Strengthen relationships (e.g., manager training, team collaboration).']"
E1001300,Research & Development,"['Improve work environment (e.g., better facilities, team-building).', 'Increase job involvement (e.g., assign challenging tasks, training).']"
E1001305,Research & Development,"['Improve work environment (e.g., better facilities, team-building).', 'Strengthen relationships (e.g., manager training, team collaboration).']"
E1001306,Research & Development,"['Improve work environment (e.g., better facilities, team-building).', 'Enhance work-life balance (e.g., flexible hours, wellness programs).', 'Strengthen relationships (e.g., manager training, team collaboration).']"
E1001313,Research & Development,"['Improve work environment (e.g., better facilities, team-building).', 'Increase job involvement (e.g., assign challenging tasks, training).', 'Strengthen relationships (e.g., manager training, team collaboration).']"
E1001315,Sales,"['Improve work environment (e.g., better facilities, team-building).', 'Increase job involvement (e.g., assign challenging tasks, training).', 'Boost job satisfaction (e.g., recognition, incentives).', 'Address attrition risk (e.g., retention bonuses, career development).']"
E1001316,Sales,"['Improve work environment (e.g., better facilities, team-building).', 'Increase job involvement (e.g., assign challenging tasks, training).', 'Address attrition risk (e.g., retention bonuses, career development).']"
E1001322,Sales,"['Improve work environment (e.g., better facilities, team-building).', 'Increase job involvement (e.g., assign challenging tasks, training).', 'Enhance work-life balance (e.g., flexible hours, wellness programs).']"
E1001331,Research & Development,"['Improve work environment (e.g., better facilities, team-building).', 'Boost job satisfaction (e.g., recognition, incentives).', 'Strengthen relationships (e.g., manager training, team collaboration).', 'Address attrition risk (e.g., retention bonuses, career development).']"
E1001346,Research & Development,"['Improve work environment (e.g., better facilities, team-building).', 'Increase job involvement (e.g., assign challenging tasks, training).']"
E1001360,Research & Development,"['Improve work environment (e.g., better facilities, team-building).', 'Increase job involvement (e.g., assign challenging tasks, training).', 'Boost job satisfaction (e.g., recognition, incentives).', 'Enhance work-life balance (e.g., flexible hours, wellness programs).', 'Strengthen relationships (e.g., manager training, team collaboration).', 'Address attrition risk (e.g., retention bonuses, career development).']"
E1001361,Research & Development,"['Improve work environment (e.g., better facilities, team-building).', 'Increase job involvement (e.g., assign challenging tasks, training).', 'Boost job satisfaction (e.g., recognition, incentives).', 'Strengthen relationships (e.g., manager training, team collaboration).']"
E1001370,Research & Development,"['Improve work environment (e.g., better facilities, team-building).']"
E1001372,Research & Development,"['Improve work environment (e.g., better facilities, team-building).', 'Increase job involvement (e.g., assign challenging tasks, training).']"
E1001376,Human Resources,"['Improve work environment (e.g., better facilities, team-building).', 'Increase job involvement (e.g., assign challenging tasks, training).', 'Boost job satisfaction (e.g., recognition, incentives).', 'Address attrition risk (e.g., retention bonuses, career development).']"
E1001379,Research & Development,"['Improve work environment (e.g., better facilities, team-building).', 'Increase job involvement (e.g., assign challenging tasks, training).', 'Strengthen relationships (e.g., manager training, team collaboration).', 'Address attrition risk (e.g., retention bonuses, career development).']"
E1001394,Research & Development,"['Improve work environment (e.g., better facilities, team-building).', 'Enhance work-life balance (e.g., flexible hours, wellness programs).']"
E1001395,Sales,"['Improve work environment (e.g., better facilities, team-building).', 'Increase job involvement (e.g., assign challenging tasks, training).']"
E1001396,Research & Development,"['Improve work environment (e.g., better facilities, team-building).', 'Boost job satisfaction (e.g., recognition, incentives).']"
E1001402,Sales,"['Improve work environment (e.g., better facilities, team-building).']"
E1001405,Research & Development,"['Improve work environment (e.g., better facilities, team-building).', 'Address attrition risk (e.g., retention bonuses, career development).']"
E1001428,Research & Development,"['Improve work environment (e.g., better facilities, team-building).', 'Increase job involvement (e.g., assign challenging tasks, training).', 'Enhance work-life balance (e.g., flexible hours, wellness programs).']"
E1001441,Sales,"['Improve work environment (e.g., better facilities, team-building).', 'Enhance work-life balance (e.g., flexible hours, wellness programs).', 'Strengthen relationships (e.g., manager training, team collaboration).']"
E1001442,Human Resources,"['Enhance work-life balance (e.g., flexible hours, wellness programs).', 'Strengthen relationships (e.g., manager training, team collaboration).']"
E1001443,Sales,"['Increase job involvement (e.g., assign challenging tasks, training).', 'Boost job satisfaction (e.g., recognition, incentives).', 'Enhance work-life balance (e.g., flexible hours, wellness programs).', 'Strengthen relationships (e.g., manager training, team collaboration).', 'Address attrition risk (e.g., retention bonuses, career development).']"
E1001444,Research & Development,"['Improve work environment (e.g., better facilities, team-building).', 'Enhance work-life balance (e.g., flexible hours, wellness programs).']"
E1001466,Sales,"['Improve work environment (e.g., better facilities, team-building).', 'Increase job involvement (e.g., assign challenging tasks, training).', 'Enhance work-life balance (e.g., flexible hours, wellness programs).', 'Strengthen relationships (e.g., manager training, team collaboration).', 'Address attrition risk (e.g., retention bonuses, career development).']"
E1001485,Human Resources,"['Improve work environment (e.g., better facilities, team-building).']"
E1001516,Research & Development,"['Improve work environment (e.g., better facilities, team-building).', 'Strengthen relationships (e.g., manager training, team collaboration).']"
E1001522,Research & Development,"['Improve work environment (e.g., better facilities, team-building).', 'Boost job satisfaction (e.g., recognition, incentives).', 'Enhance work-life balance (e.g., flexible hours, wellness programs).']"
E1001524,Research & Development,"['Improve work environment (e.g., better facilities, team-building).']"
E1001545,Sales,"['Improve work environment (e.g., better facilities, team-building).', 'Boost job satisfaction (e.g., recognition, incentives).']"
E1001555,Sales,"['Improve work environment (e.g., better facilities, team-building).', 'Increase job involvement (e.g., assign challenging tasks, training).', 'Boost job satisfaction (e.g., recognition, incentives).', 'Strengthen relationships (e.g., manager training, team collaboration).', 'Address attrition risk (e.g., retention bonuses, career development).']"
E1001557,Research & Development,"['Improve work environment (e.g., better facilities, team-building).', 'Increase job involvement (e.g., assign challenging tasks, training).', 'Enhance work-life balance (e.g., flexible hours, wellness programs).', 'Address attrition risk (e.g., retention bonuses, career development).']"
E1001577,Research & Development,"['Improve work environment (e.g., better facilities, team-building).', 'Strengthen relationships (e.g., manager training, team collaboration).', 'Address attrition risk (e.g., retention bonuses, career development).']"
E1001586,Research & Development,"['Improve work environment (e.g., better facilities, team-building).']"
E1001597,Sales,"['Improve work environment (e.g., better facilities, team-building).', 'Boost job satisfaction (e.g., recognition, incentives).', 'Enhance work-life balance (e.g., flexible hours, wellness programs).', 'Address attrition risk (e.g., retention bonuses, career development).']"
E1001633,Sales,"['Improve work environment (e.g., better facilities, team-building).', 'Boost job satisfaction (e.g., recognition, incentives).']"
E1001640,Sales,"['Improve work environment (e.g., better facilities, team-building).', 'Boost job satisfaction (e.g., recognition, incentives).', 'Enhance work-life balance (e.g., flexible hours, wellness programs).', 'Reduce travel demands or provide travel support.']"
E1001650,Sales,"['Improve work environment (e.g., better facilities, team-building).', 'Enhance work-life balance (e.g., flexible hours, wellness programs).', 'Address attrition risk (e.g., retention bonuses, career development).']"
E1001653,Research & Development,"['Improve work environment (e.g., better facilities, team-building).', 'Strengthen relationships (e.g., manager training, team collaboration).']"
E1001655,Research & Development,"['Improve work environment (e.g., better facilities, team-building).', 'Strengthen relationships (e.g., manager training, team collaboration).']"
E1001668,Sales,"['Improve work environment (e.g., better facilities, team-building).', 'Increase job involvement (e.g., assign challenging tasks, training).']"
E1001669,Sales,"['Improve work environment (e.g., better facilities, team-building).', 'Boost job satisfaction (e.g., recognition, incentives).', 'Strengthen relationships (e.g., manager training, team collaboration).', 'Reduce travel demands or provide travel support.']"
E1001673,Sales,"['Improve work environment (e.g., better facilities, team-building).', 'Strengthen relationships (e.g., manager training, team collaboration).', 'Reduce travel demands or provide travel support.']"
E1001677,Sales,"['Improve work environment (e.g., better facilities, team-building).', 'Enhance work-life balance (e.g., flexible hours, wellness programs).', 'Strengthen relationships (e.g., manager training, team collaboration).']"
E1001680,Research & Development,"['Improve work environment (e.g., better facilities, team-building).', 'Increase job involvement (e.g., assign challenging tasks, training).', 'Enhance work-life balance (e.g., flexible hours, wellness programs).', 'Strengthen relationships (e.g., manager training, team collaboration).']"
E1001713,Research & Development,"['Improve work environment (e.g., better facilities, team-building).', 'Increase job involvement (e.g., assign challenging tasks, training).', 'Enhance work-life balance (e.g., flexible hours, wellness programs).']"
E1001716,Research & Development,"['Improve work environment (e.g., better facilities, team-building).', 'Enhance work-life balance (e.g., flexible hours, wellness programs).']"
E1001717,Sales,"['Improve work environment (e.g., better facilities, team-building).', 'Increase job involvement (e.g., assign challenging tasks, training).', 'Boost job satisfaction (e.g., recognition, incentives).', 'Strengthen relationships (e.g., manager training, team collaboration).', 'Address attrition risk (e.g., retention bonuses, career development).']"
E1001731,Sales,"['Improve work environment (e.g., better facilities, team-building).', 'Strengthen relationships (e.g., manager training, team collaboration).']"
E1001745,Human Resources,"['Improve work environment (e.g., better facilities, team-building).', 'Address attrition risk (e.g., retention bonuses, career development).']"
E1001751,Research & Development,"['Improve work environment (e.g., better facilities, team-building).', 'Enhance work-life balance (e.g., flexible hours, wellness programs).', 'Strengthen relationships (e.g., manager training, team collaboration).']"
E1001758,Research & Development,"['Improve work environment (e.g., better facilities, team-building).']"
E1001761,Research & Development,"['Improve work environment (e.g., better facilities, team-building).', 'Enhance work-life balance (e.g., flexible hours, wellness programs).', 'Strengthen relationships (e.g., manager training, team collaboration).']"
E1001763,Research & Development,"['Improve work environment (e.g., better facilities, team-building).', 'Boost job satisfaction (e.g., recognition, incentives).', 'Enhance work-life balance (e.g., flexible hours, wellness programs).']"
E1001764,Sales,"['Improve work environment (e.g., better facilities, team-building).', 'Reduce travel demands or provide travel support.', 'Address attrition risk (e.g., retention bonuses, career development).']"
E1001767,Sales,"['Improve work environment (e.g., better facilities, team-building).', 'Increase job involvement (e.g., assign challenging tasks, training).', 'Boost job satisfaction (e.g., recognition, incentives).', 'Address attrition risk (e.g., retention bonuses, career development).']"
E1001774,Research & Development,"['Improve work environment (e.g., better facilities, team-building).', 'Enhance work-life balance (e.g., flexible hours, wellness programs).', 'Strengthen relationships (e.g., manager training, team collaboration).']"
E1001798,Research & Development,"['Improve work environment (e.g., better facilities, team-building).', 'Strengthen relationships (e.g., manager training, team collaboration).']"
E1001811,Research & Development,"['Improve work environment (e.g., better facilities, team-building).', 'Strengthen relationships (e.g., manager training, team collaboration).']"
E1001821,Research & Development,"['Improve work environment (e.g., better facilities, team-building).', 'Strengthen relationships (e.g., manager training, team collaboration).']"
E1001826,Sales,"['Improve work environment (e.g., better facilities, team-building).', 'Boost job satisfaction (e.g., recognition, incentives).']"
E1001827,Research & Development,"['Improve work environment (e.g., better facilities, team-building).', 'Strengthen relationships (e.g., manager training, team collaboration).']"
E1001831,Research & Development,"['Improve work environment (e.g., better facilities, team-building).', 'Boost job satisfaction (e.g., recognition, incentives).', 'Strengthen relationships (e.g., manager training, team collaboration).']"
E1001832,Sales,"['Improve work environment (e.g., better facilities, team-building).', 'Increase job involvement (e.g., assign challenging tasks, training).', 'Strengthen relationships (e.g., manager training, team collaboration).']"
E1001838,Sales,"['Improve work environment (e.g., better facilities, team-building).', 'Boost job satisfaction (e.g., recognition, incentives).', 'Enhance work-life balance (e.g., flexible hours, wellness programs).']"
E1001840,Sales,"['Improve work environment (e.g., better facilities, team-building).', 'Increase job involvement (e.g., assign challenging tasks, training).', 'Boost job satisfaction (e.g., recognition, incentives).', 'Address attrition risk (e.g., retention bonuses, career development).']"
E1001858,Research & Development,"['Improve work environment (e.g., better facilities, team-building).', 'Enhance work-life balance (e.g., flexible hours, wellness programs).', 'Strengthen relationships (e.g., manager training, team collaboration).']"
E1001864,Research & Development,"['Improve work environment (e.g., better facilities, team-building).', 'Boost job satisfaction (e.g., recognition, incentives).']"
E1001868,Finance,"['Improve work environment (e.g., better facilities, team-building).']"
E1001874,Finance,"['Improve work environment (e.g., better facilities, team-building).', 'Enhance work-life balance (e.g., flexible hours, wellness programs).']"
E1001883,Finance,"['Improve work environment (e.g., better facilities, team-building).', 'Increase job involvement (e.g., assign challenging tasks, training).', 'Enhance work-life balance (e.g., flexible hours, wellness programs).', 'Strengthen relationships (e.g., manager training, team collaboration).']"
E1001884,Finance,"['Improve work environment (e.g., better facilities, team-building).']"
E1001886,Finance,"['Improve work environment (e.g., better facilities, team-building).', 'Enhance work-life balance (e.g., flexible hours, wellness programs).']"
E1001887,Finance,"['Improve work environment (e.g., better facilities, team-building).', 'Increase job involvement (e.g., assign challenging tasks, training).', 'Boost job satisfaction (e.g., recognition, incentives).', 'Enhance work-life balance (e.g., flexible hours, wellness programs).', 'Strengthen relationships (e.g., manager training, team collaboration).']"
E1001890,Sales,"['Improve work environment (e.g., better facilities, team-building).', 'Increase job involvement (e.g., assign challenging tasks, training).', 'Boost job satisfaction (e.g., recognition, incentives).', 'Strengthen relationships (e.g., manager training, team collaboration).']"
E1001899,Finance,"['Improve work environment (e.g., better facilities, team-building).', 'Boost job satisfaction (e.g., recognition, incentives).']"
E1001911,Finance,"['Improve work environment (e.g., better facilities, team-building).', 'Enhance work-life balance (e.g., flexible hours, wellness programs).']"
E1001918,Finance,"['Improve work environment (e.g., better facilities, team-building).', 'Boost job satisfaction (e.g., recognition, incentives).', 'Enhance work-life balance (e.g., flexible hours, wellness programs).', 'Strengthen relationships (e.g., manager training, team collaboration).']"
E1001923,Sales,"['Improve work environment (e.g., better facilities, team-building).', 'Increase job involvement (e.g., assign challenging tasks, training).', 'Enhance work-life balance (e.g., flexible hours, wellness programs).', 'Address attrition risk (e.g., retention bonuses, career development).']"
E1001924,Finance,"['Improve work environment (e.g., better facilities, team-building).']"
E1001933,Finance,"['Improve work environment (e.g., better facilities, team-building).', 'Boost job satisfaction (e.g., recognition, incentives).', 'Strengthen relationships (e.g., manager training, team collaboration).']"
E1001937,Finance,"['Improve work environment (e.g., better facilities, team-building).', 'Boost job satisfaction (e.g., recognition, incentives).']"
E1001943,Finance,"['Improve work environment (e.g., better facilities, team-building).']"
E1001967,Finance,"['Improve work environment (e.g., better facilities, team-building).']"
E1001972,Finance,"['Improve work environment (e.g., better facilities, team-building).', 'Increase job involvement (e.g., assign challenging tasks, training).', 'Boost job satisfaction (e.g., recognition, incentives).']"
E1001974,Research & Development,"['Improve work environment (e.g., better facilities, team-building).', 'Increase job involvement (e.g., assign challenging tasks, training).']"
E1001979,Research & Development,"['Improve work environment (e.g., better facilities, team-building).', 'Increase job involvement (e.g., assign challenging tasks, training).', 'Strengthen relationships (e.g., manager training, team collaboration).']"
E1002003,Research & Development,"['Improve work environment (e.g., better facilities, team-building).', 'Boost job satisfaction (e.g., recognition, incentives).', 'Strengthen relationships (e.g., manager training, team collaboration).']"
E1002011,Sales,"['Improve work environment (e.g., better facilities, team-building).', 'Increase job involvement (e.g., assign challenging tasks, training).', 'Boost job satisfaction (e.g., recognition, incentives).', 'Strengthen relationships (e.g., manager training, team collaboration).', 'Address attrition risk (e.g., retention bonuses, career development).']"
E1002018,Sales,"['Improve work environment (e.g., better facilities, team-building).', 'Boost job satisfaction (e.g., recognition, incentives).', 'Enhance work-life balance (e.g., flexible hours, wellness programs).', 'Strengthen relationships (e.g., manager training, team collaboration).']"
E1002024,Human Resources,"['Improve work environment (e.g., better facilities, team-building).']"
E1002030,Sales,"['Improve work environment (e.g., better facilities, team-building).', 'Increase job involvement (e.g., assign challenging tasks, training).', 'Boost job satisfaction (e.g., recognition, incentives).', 'Address attrition risk (e.g., retention bonuses, career development).']"
E1002056,Human Resources,"['Improve work environment (e.g., better facilities, team-building).', 'Strengthen relationships (e.g., manager training, team collaboration).']"
E1002062,Sales,"['Improve work environment (e.g., better facilities, team-building).', 'Increase job involvement (e.g., assign challenging tasks, training).', 'Strengthen relationships (e.g., manager training, team collaboration).']"
E1002079,Sales,"['Improve work environment (e.g., better facilities, team-building).', 'Increase job involvement (e.g., assign challenging tasks, training).', 'Boost job satisfaction (e.g., recognition, incentives).']"
E1002082,Research & Development,"['Improve work environment (e.g., better facilities, team-building).']"
E1002083,Human Resources,"['Improve work environment (e.g., better facilities, team-building).', 'Boost job satisfaction (e.g., recognition, incentives).']"
E1002091,Research & Development,"['Improve work environment (e.g., better facilities, team-building).', 'Enhance work-life balance (e.g., flexible hours, wellness programs).']"
E1002092,Research & Development,"['Improve work environment (e.g., better facilities, team-building).', 'Boost job satisfaction (e.g., recognition, incentives).', 'Enhance work-life balance (e.g., flexible hours, wellness programs).', 'Strengthen relationships (e.g., manager training, team collaboration).']"
E1002101,Sales,"['Improve work environment (e.g., better facilities, team-building).']"
E1002102,Sales,"['Improve work environment (e.g., better facilities, team-building).', 'Boost job satisfaction (e.g., recognition, incentives).', 'Enhance work-life balance (e.g., flexible hours, wellness programs).']"
E1002107,Research & Development,"['Improve work environment (e.g., better facilities, team-building).', 'Boost job satisfaction (e.g., recognition, incentives).', 'Strengthen relationships (e.g., manager training, team collaboration).']"
E1002111,Sales,"['Improve work environment (e.g., better facilities, team-building).', 'Boost job satisfaction (e.g., recognition, incentives).', 'Reduce travel demands or provide travel support.']"
E1002115,Research & Development,"['Improve work environment (e.g., better facilities, team-building).', 'Strengthen relationships (e.g., manager training, team collaboration).']"
E1002127,Sales,"['Improve work environment (e.g., better facilities, team-building).', 'Reduce travel demands or provide travel support.']"
E1002134,Research & Development,"['Improve work environment (e.g., better facilities, team-building).']"
E1002141,Sales,"['Improve work environment (e.g., better facilities, team-building).', 'Boost job satisfaction (e.g., recognition, incentives).']"
E1002142,Sales,"['Improve work environment (e.g., better facilities, team-building).', 'Increase job involvement (e.g., assign challenging tasks, training).']"
E1002158,Sales,"['Improve work environment (e.g., better facilities, team-building).', 'Increase job involvement (e.g., assign challenging tasks, training).', 'Strengthen relationships (e.g., manager training, team collaboration).']"
E1002166,Research & Development,"['Improve work environment (e.g., better facilities, team-building).', 'Increase job involvement (e.g., assign challenging tasks, training).', 'Enhance work-life balance (e.g., flexible hours, wellness programs).']"
E1002170,Research & Development,"['Improve work environment (e.g., better facilities, team-building).', 'Boost job satisfaction (e.g., recognition, incentives).', 'Strengthen relationships (e.g., manager training, team collaboration).']"
E1002185,Research & Development,"['Improve work environment (e.g., better facilities, team-building).', 'Address attrition risk (e.g., retention bonuses, career development).']"
E1002186,Sales,"['Increase job involvement (e.g., assign challenging tasks, training).', 'Boost job satisfaction (e.g., recognition, incentives).', 'Enhance work-life balance (e.g., flexible hours, wellness programs).']"
E1002194,Research & Development,"['Improve work environment (e.g., better facilities, team-building).', 'Enhance work-life balance (e.g., flexible hours, wellness programs).', 'Strengthen relationships (e.g., manager training, team collaboration).']"
E1002207,Sales,"['Improve work environment (e.g., better facilities, team-building).', 'Increase job involvement (e.g., assign challenging tasks, training).']"
E1002209,Research & Development,"['Improve work environment (e.g., better facilities, team-building).', 'Boost job satisfaction (e.g., recognition, incentives).', 'Enhance work-life balance (e.g., flexible hours, wellness programs).']"
E1002219,Research & Development,"['Improve work environment (e.g., better facilities, team-building).']"
E1002223,Sales,"['Improve work environment (e.g., better facilities, team-building).', 'Boost job satisfaction (e.g., recognition, incentives).', 'Enhance work-life balance (e.g., flexible hours, wellness programs).']"
E1002228,Sales,"['Improve work environment (e.g., better facilities, team-building).', 'Enhance work-life balance (e.g., flexible hours, wellness programs).', 'Strengthen relationships (e.g., manager training, team collaboration).']"
E1002246,Sales,"['Improve work environment (e.g., better facilities, team-building).', 'Boost job satisfaction (e.g., recognition, incentives).', 'Enhance work-life balance (e.g., flexible hours, wellness programs).', 'Strengthen relationships (e.g., manager training, team collaboration).', 'Address attrition risk (e.g., retention bonuses, career development).']"
E1002247,Research & Development,"['Improve work environment (e.g., better facilities, team-building).', 'Enhance work-life balance (e.g., flexible hours, wellness programs).']"
E1002253,Sales,"['Improve work environment (e.g., better facilities, team-building).', 'Boost job satisfaction (e.g., recognition, incentives).', 'Strengthen relationships (e.g., manager training, team collaboration).']"
E1002259,Research & Development,"['Improve work environment (e.g., better facilities, team-building).', 'Increase job involvement (e.g., assign challenging tasks, training).', 'Enhance work-life balance (e.g., flexible hours, wellness programs).', 'Strengthen relationships (e.g., manager training, team collaboration).']"
E1002264,Sales,"['Improve work environment (e.g., better facilities, team-building).', 'Boost job satisfaction (e.g., recognition, incentives).']"
E1002271,Research & Development,"['Improve work environment (e.g., better facilities, team-building).', 'Strengthen relationships (e.g., manager training, team collaboration).']"
E1002274,Sales,"['Improve work environment (e.g., better facilities, team-building).']"
E1002278,Research & Development,"['Boost job satisfaction (e.g., recognition, incentives).', 'Enhance work-life balance (e.g., flexible hours, wellness programs).', 'Strengthen relationships (e.g., manager training, team collaboration).']"
E1002287,Research & Development,"['Improve work environment (e.g., better facilities, team-building).', 'Strengthen relationships (e.g., manager training, team collaboration).']"
E1002291,Sales,"['Improve work environment (e.g., better facilities, team-building).', 'Increase job involvement (e.g., assign challenging tasks, training).', 'Boost job satisfaction (e.g., recognition, incentives).', 'Strengthen relationships (e.g., manager training, team collaboration).']"
E1002292,Research & Development,"['Improve work environment (e.g., better facilities, team-building).', 'Strengthen relationships (e.g., manager training, team collaboration).']"
E1002293,Research & Development,"['Improve work environment (e.g., better facilities, team-building).', 'Increase job involvement (e.g., assign challenging tasks, training).', 'Strengthen relationships (e.g., manager training, team collaboration).']"
E1002298,Research & Development,"['Improve work environment (e.g., better facilities, team-building).']"
E1002302,Sales,"['Improve work environment (e.g., better facilities, team-building).', 'Increase job involvement (e.g., assign challenging tasks, training).']"
E1002305,Research & Development,"['Improve work environment (e.g., better facilities, team-building).', 'Strengthen relationships (e.g., manager training, team collaboration).', 'Address attrition risk (e.g., retention bonuses, career development).']"
E1002310,Research & Development,"['Enhance work-life balance (e.g., flexible hours, wellness programs).', 'Address attrition risk (e.g., retention bonuses, career development).']"
E1002319,Sales,"['Improve work environment (e.g., better facilities, team-building).']"
E1002332,Research & Development,"['Increase job involvement (e.g., assign challenging tasks, training).', 'Boost job satisfaction (e.g., recognition, incentives).', 'Enhance work-life balance (e.g., flexible hours, wellness programs).', 'Strengthen relationships (e.g., manager training, team collaboration).']"
E1002334,Sales,"['Improve work environment (e.g., better facilities, team-building).', 'Increase job involvement (e.g., assign challenging tasks, training).', 'Enhance work-life balance (e.g., flexible hours, wellness programs).', 'Strengthen relationships (e.g., manager training, team collaboration).']"
E1002335,Research & Development,"['Improve work environment (e.g., better facilities, team-building).', 'Boost job satisfaction (e.g., recognition, incentives).', 'Strengthen relationships (e.g., manager training, team collaboration).']"
E100279,Sales,"['Improve work environment (e.g., better facilities, team-building).', 'Enhance work-life balance (e.g., flexible hours, wellness programs).', 'Strengthen relationships (e.g., manager training, team collaboration).', 'Address attrition risk (e.g., retention bonuses, career development).']"
E100285,Development,"['Improve work environment (e.g., better facilities, team-building).', 'Boost job satisfaction (e.g., recognition, incentives).']"
E100294,Development,"['Improve work environment (e.g., better facilities, team-building).', 'Enhance work-life balance (e.g., flexible hours, wellness programs).']"
E100296,Development,"['Improve work environment (e.g., better facilities, team-building).']"
E100298,Development,"['Improve work environment (e.g., better facilities, team-building).', 'Boost job satisfaction (e.g., recognition, incentives).']"
E100301,Sales,"['Improve work environment (e.g., better facilities, team-building).', 'Increase job involvement (e.g., assign challenging tasks, training).']"
E100316,Sales,"['Improve work environment (e.g., better facilities, team-building).', 'Boost job satisfaction (e.g., recognition, incentives).', 'Enhance work-life balance (e.g., flexible hours, wellness programs).']"
E100338,Sales,"['Improve work environment (e.g., better facilities, team-building).']"
E100346,Sales,"['Improve work environment (e.g., better facilities, team-building).', 'Boost job satisfaction (e.g., recognition, incentives).', 'Enhance work-life balance (e.g., flexible hours, wellness programs).']"
E100351,Development,"['Improve work environment (e.g., better facilities, team-building).', 'Monitor overtime to prevent burnout.']"
E100352,Sales,"['Improve work environment (e.g., better facilities, team-building).', 'Boost job satisfaction (e.g., recognition, incentives).', 'Enhance work-life balance (e.g., flexible hours, wellness programs).', 'Reduce travel demands or provide travel support.']"
E100359,Sales,"['Improve work environment (e.g., better facilities, team-building).', 'Boost job satisfaction (e.g., recognition, incentives).', 'Enhance work-life balance (e.g., flexible hours, wellness programs).']"
E100403,Sales,"['Improve work environment (e.g., better facilities, team-building).', 'Strengthen relationships (e.g., manager training, team collaboration).']"
E100441,Sales,"['Improve work environment (e.g., better facilities, team-building).', 'Increase job involvement (e.g., assign challenging tasks, training).', 'Enhance work-life balance (e.g., flexible hours, wellness programs).', 'Strengthen relationships (e.g., manager training, team collaboration).', 'Address attrition risk (e.g., retention bonuses, career development).']"
E100453,Sales,"['Improve work environment (e.g., better facilities, team-building).', 'Increase job involvement (e.g., assign challenging tasks, training).', 'Address attrition risk (e.g., retention bonuses, career development).']"
E100461,Sales,"['Improve work environment (e.g., better facilities, team-building).', 'Increase job involvement (e.g., assign challenging tasks, training).']"
E100483,Sales,"['Improve work environment (e.g., better facilities, team-building).', 'Enhance work-life balance (e.g., flexible hours, wellness programs).']"
E100485,Sales,"['Improve work environment (e.g., better facilities, team-building).', 'Reduce travel demands or provide travel support.']"
E100506,Sales,"['Improve work environment (e.g., better facilities, team-building).']"
E100522,Sales,"['Improve work environment (e.g., better facilities, team-building).', 'Boost job satisfaction (e.g., recognition, incentives).']"
E100561,Sales,"['Improve work environment (e.g., better facilities, team-building).', 'Enhance work-life balance (e.g., flexible hours, wellness programs).', 'Address attrition risk (e.g., retention bonuses, career development).']"
E100589,Sales,"['Improve work environment (e.g., better facilities, team-building).', 'Reduce travel demands or provide travel support.']"
E100590,Sales,"['Improve work environment (e.g., better facilities, team-building).', 'Reduce travel demands or provide travel support.']"
E100599,Human Resources,"['Improve work environment (e.g., better facilities, team-building).', 'Enhance work-life balance (e.g., flexible hours, wellness programs).']"
E100607,Sales,"['Improve work environment (e.g., better facilities, team-building).', 'Increase job involvement (e.g., assign challenging tasks, training).']"
E100615,Development,"['Improve work environment (e.g., better facilities, team-building).', 'Strengthen relationships (e.g., manager training, team collaboration).']"
E100630,Data Science,"['Improve work environment (e.g., better facilities, team-building).']"
E100663,Development,"['Improve work environment (e.g., better facilities, team-building).', 'Boost job satisfaction (e.g., recognition, incentives).', 'Enhance work-life balance (e.g., flexible hours, wellness programs).', 'Strengthen relationships (e.g., manager training, team collaboration).']"
E100665,Sales,"['Improve work environment (e.g., better facilities, team-building).']"
E100681,Development,"['Improve work environment (e.g., better facilities, team-building).', 'Enhance work-life balance (e.g., flexible hours, wellness programs).', 'Monitor overtime to prevent burnout.']"
E100702,Human Resources,"['Improve work environment (e.g., better facilities, team-building).', 'Increase job involvement (e.g., assign challenging tasks, training).', 'Boost job satisfaction (e.g., recognition, incentives).']"
E100756,Sales,"['Improve work environment (e.g., better facilities, team-building).', 'Increase job involvement (e.g., assign challenging tasks, training).', 'Boost job satisfaction (e.g., recognition, incentives).', 'Reduce travel demands or provide travel support.', 'Address attrition risk (e.g., retention bonuses, career development).']"
E100759,Sales,"['Improve work environment (e.g., better facilities, team-building).', 'Increase job involvement (e.g., assign challenging tasks, training).', 'Strengthen relationships (e.g., manager training, team collaboration).', 'Reduce travel demands or provide travel support.']"
E100762,Sales,"['Improve work environment (e.g., better facilities, team-building).', 'Enhance work-life balance (e.g., flexible hours, wellness programs).']"
E100766,Sales,"['Improve work environment (e.g., better facilities, team-building).', 'Boost job satisfaction (e.g., recognition, incentives).', 'Reduce travel demands or provide travel support.', 'Address attrition risk (e.g., retention bonuses, career development).']"
E100791,Sales,"['Improve work environment (e.g., better facilities, team-building).', 'Increase job involvement (e.g., assign challenging tasks, training).', 'Strengthen relationships (e.g., manager training, team collaboration).']"
E100798,Development,"['Improve work environment (e.g., better facilities, team-building).', 'Increase job involvement (e.g., assign challenging tasks, training).', 'Boost job satisfaction (e.g., recognition, incentives).']"
E100805,Sales,"['Improve work environment (e.g., better facilities, team-building).', 'Increase job involvement (e.g., assign challenging tasks, training).', 'Strengthen relationships (e.g., manager training, team collaboration).']"
E100809,Development,"['Improve work environment (e.g., better facilities, team-building).', 'Monitor overtime to prevent burnout.']"
E100811,Sales,"['Improve work environment (e.g., better facilities, team-building).', 'Strengthen relationships (e.g., manager training, team collaboration).']"
E100860,Development,"['Improve work environment (e.g., better facilities, team-building).', 'Monitor overtime to prevent burnout.', 'Address attrition risk (e.g., retention bonuses, career development).']"
E100870,Sales,"['Improve work environment (e.g., better facilities, team-building).', 'Enhance work-life balance (e.g., flexible hours, wellness programs).']"
E100873,Sales,"['Improve work environment (e.g., better facilities, team-building).', 'Strengthen relationships (e.g., manager training, team collaboration).']"
E100875,Sales,"['Improve work environment (e.g., better facilities, team-building).', 'Boost job satisfaction (e.g., recognition, incentives).']"
E100878,Sales,"['Improve work environment (e.g., better facilities, team-building).']"
E100902,Development,"['Improve work environment (e.g., better facilities, team-building).', 'Enhance work-life balance (e.g., flexible hours, wellness programs).']"
E100903,Sales,"['Improve work environment (e.g., better facilities, team-building).', 'Boost job satisfaction (e.g., recognition, incentives).', 'Strengthen relationships (e.g., manager training, team collaboration).']"
E100922,Human Resources,"['Improve work environment (e.g., better facilities, team-building).', 'Boost job satisfaction (e.g., recognition, incentives).']"
E100925,Development,"['Improve work environment (e.g., better facilities, team-building).', 'Monitor overtime to prevent burnout.', 'Address attrition risk (e.g., retention bonuses, career development).']"
E100931,Sales,"['Improve work environment (e.g., better facilities, team-building).']"
E100998,Sales,"['Improve work environment (e.g., better facilities, team-building).', 'Strengthen relationships (e.g., manager training, team collaboration).', 'Address attrition risk (e.g., retention bonuses, career development).']"
